Symbol,Price~,"Exp Date",DTE,"Leg1 Strike",Type,Bid1,"Leg2 Strike",Type,Ask2,BE,BE%,"Max Profit","Max Loss","Max Profit%",Risk/Reward,"IV Rank","Loss Prob"
GLD,310.58,2025-10-17,55,310.00,Put,5.85,278.00,Put,0.29,304.44,-1.98%,5.56,26.44,+21.03%,"4.76 to 1",7.81%,36.1%
GLD,310.58,2025-10-17,55,310.00,Put,5.85,280.00,Put,0.34,304.49,-1.96%,5.51,24.49,+22.50%,"4.44 to 1",7.81%,36.3%
GLD,310.58,2025-10-17,55,310.00,Put,5.85,281.00,Put,0.37,304.52,-1.95%,5.48,23.52,+23.30%,"4.29 to 1",7.81%,36.3%
GLD,310.58,2025-10-17,55,310.00,Put,5.85,282.00,Put,0.4,304.55,-1.94%,5.45,22.55,+24.17%,"4.14 to 1",7.81%,36.4%
GLD,310.58,2025-10-17,55,310.00,Put,5.85,283.00,Put,0.43,304.58,-1.93%,5.42,21.58,+25.12%,"3.98 to 1",7.81%,36.4%
GLD,310.58,2025-10-17,55,310.00,Put,5.85,284.00,Put,0.48,304.63,-1.92%,5.37,20.63,+26.03%,"3.84 to 1",7.81%,36.6%
GLD,310.58,2025-10-17,55,310.00,Put,5.85,285.00,Put,0.52,304.67,-1.90%,5.33,19.67,+27.10%,"3.69 to 1",7.81%,36.6%
GLD,310.58,2025-10-17,55,305.00,Put,3.8,286.00,Put,0.57,301.77,-2.84%,3.23,15.77,+20.48%,"4.88 to 1",7.81%,30.5%
GLD,310.58,2025-10-17,55,310.00,Put,5.85,286.00,Put,0.57,304.72,-1.89%,5.28,18.72,+28.21%,"3.55 to 1",7.81%,36.8%
GLD,310.58,2025-10-17,55,305.00,Put,3.8,287.00,Put,0.63,301.83,-2.82%,3.17,14.83,+21.38%,"4.68 to 1",7.81%,30.6%
GLD,310.58,2025-10-17,55,310.00,Put,5.85,287.00,Put,0.63,304.78,-1.87%,5.22,17.78,+29.36%,"3.41 to 1",7.81%,36.9%
GLD,310.58,2025-10-17,55,305.00,Put,3.8,288.00,Put,0.69,301.89,-2.80%,3.11,13.89,+22.39%,"4.47 to 1",7.81%,30.7%
GLD,310.58,2025-10-17,55,310.00,Put,5.85,288.00,Put,0.69,304.84,-1.85%,5.16,16.84,+30.64%,"3.26 to 1",7.81%,37.0%
GLD,310.58,2025-10-17,55,305.00,Put,3.8,289.00,Put,0.76,301.96,-2.78%,3.04,12.96,+23.46%,"4.26 to 1",7.81%,30.9%
GLD,310.58,2025-10-17,55,310.00,Put,5.85,289.00,Put,0.76,304.91,-1.83%,5.09,15.91,+31.99%,"3.13 to 1",7.81%,37.2%
GLD,310.58,2025-10-17,55,305.00,Put,3.8,290.00,Put,0.84,302.04,-2.75%,2.96,12.04,+24.58%,"4.07 to 1",7.81%,31.0%
GLD,310.58,2025-10-17,55,310.00,Put,5.85,290.00,Put,0.84,304.99,-1.80%,5.01,14.99,+33.42%,"2.99 to 1",7.81%,37.3%
GLD,310.58,2025-10-17,55,305.00,Put,3.8,291.00,Put,0.93,302.13,-2.72%,2.87,11.13,+25.79%,"3.88 to 1",7.81%,31.2%
GLD,310.58,2025-10-17,55,310.00,Put,5.85,291.00,Put,0.93,305.08,-1.77%,4.92,14.08,+34.94%,"2.86 to 1",7.81%,37.5%
GLD,310.58,2025-10-17,55,305.00,Put,3.8,292.00,Put,1.03,302.23,-2.69%,2.77,10.23,+27.08%,"3.69 to 1",7.81%,31.4%
GLD,310.58,2025-10-17,55,310.00,Put,5.85,292.00,Put,1.03,305.18,-1.74%,4.82,13.18,+36.57%,"2.73 to 1",7.81%,37.8%
GLD,310.58,2025-10-17,55,300.00,Put,2.32,293.00,Put,1.15,298.83,-3.78%,1.17,5.83,+20.07%,"4.98 to 1",7.81%,24.7%
GLD,310.58,2025-10-17,55,305.00,Put,3.8,293.00,Put,1.15,302.35,-2.65%,2.65,9.35,+28.34%,"3.53 to 1",7.81%,31.7%
GLD,310.58,2025-10-17,55,310.00,Put,5.85,293.00,Put,1.15,305.3,-1.70%,4.7,12.3,+38.21%,"2.62 to 1",7.81%,38.0%
GLD,310.58,2025-10-17,55,300.00,Put,2.32,294.00,Put,1.27,298.95,-3.74%,1.05,4.95,+21.21%,"4.71 to 1",7.81%,24.9%
GLD,310.58,2025-10-17,55,305.00,Put,3.8,294.00,Put,1.27,302.47,-2.61%,2.53,8.47,+29.87%,"3.35 to 1",7.81%,31.9%
GLD,310.58,2025-10-17,55,300.00,Put,2.32,295.00,Put,1.41,299.09,-3.70%,0.91,4.09,+22.25%,"4.49 to 1",7.81%,25.2%
GLD,310.58,2025-10-17,55,305.00,Put,3.8,295.00,Put,1.41,302.61,-2.57%,2.39,7.61,+31.41%,"3.18 to 1",7.81%,32.2%
GLD,310.58,2025-10-17,55,300.00,Put,2.32,296.00,Put,1.57,299.25,-3.65%,0.75,3.25,+23.08%,"4.33 to 1",7.81%,25.5%
GLD,310.58,2025-10-17,55,305.00,Put,3.8,296.00,Put,1.57,302.77,-2.51%,2.23,6.77,+32.94%,"3.04 to 1",7.81%,32.6%
GLD,310.58,2025-10-17,55,300.00,Put,2.32,297.00,Put,1.74,299.42,-3.59%,0.58,2.42,+23.97%,"4.17 to 1",7.81%,25.8%
GLD,310.58,2025-10-17,55,305.00,Put,3.8,297.00,Put,1.74,302.94,-2.46%,2.06,5.94,+34.68%,"2.88 to 1",7.81%,32.9%
GLD,310.58,2025-10-17,55,300.00,Put,2.32,298.00,Put,1.93,299.61,-3.53%,0.39,1.61,+24.22%,"4.13 to 1",7.81%,26.2%
GLD,310.58,2025-10-17,55,305.00,Put,3.8,298.00,Put,1.93,303.13,-2.40%,1.87,5.13,+36.45%,"2.74 to 1",7.81%,33.3%
GLD,310.58,2025-10-17,55,300.00,Put,2.32,299.00,Put,2.14,299.82,-3.46%,0.18,0.82,+21.95%,"4.56 to 1",7.81%,26.6%
GLD,310.58,2025-10-17,55,305.00,Put,3.8,299.00,Put,2.14,303.34,-2.33%,1.66,4.34,+38.25%,"2.61 to 1",7.81%,33.8%
GLD,310.58,2025-10-17,55,305.00,Put,3.8,300.00,Put,2.38,303.58,-2.25%,1.42,3.58,+39.66%,"2.52 to 1",7.81%,34.3%
GLD,310.58,2025-10-17,55,305.00,Put,3.8,304.00,Put,3.55,304.75,-1.88%,0.25,0.75,+33.33%,"3.00 to 1",7.81%,36.8%
IWM,234.83,2025-10-17,55,235.00,Put,7.25,196.00,Put,0.67,228.42,-2.73%,6.58,32.42,+20.30%,"4.93 to 1",10.08%,36.7%
IWM,234.83,2025-10-17,55,235.00,Put,7.25,197.00,Put,0.7,228.45,-2.72%,6.55,31.45,+20.83%,"4.80 to 1",10.08%,36.8%
IWM,234.83,2025-10-17,55,235.00,Put,7.25,198.00,Put,0.73,228.48,-2.70%,6.52,30.48,+21.39%,"4.67 to 1",10.08%,36.9%
IWM,234.83,2025-10-17,55,235.00,Put,7.25,199.00,Put,0.77,228.52,-2.69%,6.48,29.52,+21.95%,"4.56 to 1",10.08%,36.9%
IWM,234.83,2025-10-17,55,235.00,Put,7.25,200.00,Put,0.81,228.56,-2.67%,6.44,28.56,+22.55%,"4.43 to 1",10.08%,37.0%
IWM,234.83,2025-10-17,55,235.00,Put,7.25,201.00,Put,0.86,228.61,-2.65%,6.39,27.61,+23.14%,"4.32 to 1",10.08%,37.1%
IWM,234.83,2025-10-17,55,235.00,Put,7.25,202.00,Put,0.91,228.66,-2.63%,6.34,26.66,+23.78%,"4.21 to 1",10.08%,37.2%
IWM,234.83,2025-10-17,55,235.00,Put,7.25,203.00,Put,0.96,228.71,-2.61%,6.29,25.71,+24.47%,"4.09 to 1",10.08%,37.3%
IWM,234.83,2025-10-17,55,235.00,Put,7.25,204.00,Put,1.01,228.76,-2.58%,6.24,24.76,+25.20%,"3.97 to 1",10.08%,37.4%
IWM,234.83,2025-10-17,55,235.00,Put,7.25,205.00,Put,1.07,228.82,-2.56%,6.18,23.82,+25.94%,"3.85 to 1",10.08%,37.6%
IWM,234.83,2025-10-17,55,235.00,Put,7.25,206.00,Put,1.13,228.88,-2.53%,6.12,22.88,+26.75%,"3.74 to 1",10.08%,37.7%
IWM,234.83,2025-10-17,55,235.00,Put,7.25,207.00,Put,1.2,228.95,-2.50%,6.05,21.95,+27.56%,"3.63 to 1",10.08%,37.8%
IWM,234.83,2025-10-17,55,235.00,Put,7.25,208.00,Put,1.27,229.02,-2.47%,5.98,21.02,+28.45%,"3.52 to 1",10.08%,38.0%
IWM,234.83,2025-10-17,55,235.00,Put,7.25,209.00,Put,1.35,229.1,-2.44%,5.9,20.1,+29.35%,"3.41 to 1",10.08%,38.1%
IWM,234.83,2025-10-17,55,235.00,Put,7.25,210.00,Put,1.43,229.18,-2.41%,5.82,19.18,+30.34%,"3.30 to 1",10.08%,38.3%
IWM,234.83,2025-10-17,55,235.00,Put,7.25,211.00,Put,1.52,229.27,-2.37%,5.73,18.27,+31.36%,"3.19 to 1",10.08%,38.5%
IWM,234.83,2025-10-17,55,226.00,Put,3.98,212.00,Put,1.61,223.63,-4.77%,2.37,11.63,+20.38%,"4.91 to 1",10.08%,27.5%
IWM,234.83,2025-10-17,55,235.00,Put,7.25,212.00,Put,1.61,229.36,-2.33%,5.64,17.36,+32.49%,"3.08 to 1",10.08%,38.7%
IWM,234.83,2025-10-17,55,225.00,Put,3.72,213.00,Put,1.72,223,-5.04%,2,10,+20.00%,"5.00 to 1",10.08%,26.4%
IWM,234.83,2025-10-17,55,226.00,Put,3.98,213.00,Put,1.72,223.74,-4.72%,2.26,10.74,+21.04%,"4.75 to 1",10.08%,27.7%
IWM,234.83,2025-10-17,55,235.00,Put,7.25,213.00,Put,1.72,229.47,-2.28%,5.53,16.47,+33.58%,"2.98 to 1",10.08%,38.9%
IWM,234.83,2025-10-17,55,225.00,Put,3.72,214.00,Put,1.83,223.11,-4.99%,1.89,9.11,+20.75%,"4.82 to 1",10.08%,26.5%
IWM,234.83,2025-10-17,55,226.00,Put,3.98,214.00,Put,1.83,223.85,-4.68%,2.15,9.85,+21.83%,"4.58 to 1",10.08%,27.9%
IWM,234.83,2025-10-17,55,235.00,Put,7.25,214.00,Put,1.83,229.58,-2.24%,5.42,15.58,+34.79%,"2.87 to 1",10.08%,39.1%
IWM,234.83,2025-10-17,55,225.00,Put,3.72,215.00,Put,1.95,223.23,-4.94%,1.77,8.23,+21.51%,"4.65 to 1",10.08%,26.8%
IWM,234.83,2025-10-17,55,226.00,Put,3.98,215.00,Put,1.95,223.97,-4.62%,2.03,8.97,+22.63%,"4.42 to 1",10.08%,28.1%
IWM,234.83,2025-10-17,55,235.00,Put,7.25,215.00,Put,1.95,229.7,-2.18%,5.3,14.7,+36.05%,"2.77 to 1",10.08%,39.3%
IWM,234.83,2025-10-17,55,225.00,Put,3.72,216.00,Put,2.08,223.36,-4.88%,1.64,7.36,+22.28%,"4.49 to 1",10.08%,27.0%
IWM,234.83,2025-10-17,55,226.00,Put,3.98,216.00,Put,2.08,224.1,-4.57%,1.9,8.1,+23.46%,"4.26 to 1",10.08%,28.4%
IWM,234.83,2025-10-17,55,235.00,Put,7.25,216.00,Put,2.08,229.83,-2.13%,5.17,13.83,+37.38%,"2.68 to 1",10.08%,39.6%
IWM,234.83,2025-10-17,55,225.00,Put,3.72,217.00,Put,2.22,223.5,-4.82%,1.5,6.5,+23.08%,"4.33 to 1",10.08%,27.3%
IWM,234.83,2025-10-17,55,226.00,Put,3.98,217.00,Put,2.22,224.24,-4.51%,1.76,7.24,+24.31%,"4.11 to 1",10.08%,28.6%
IWM,234.83,2025-10-17,55,235.00,Put,7.25,217.00,Put,2.22,229.97,-2.07%,5.03,12.97,+38.78%,"2.58 to 1",10.08%,39.9%
IWM,234.83,2025-10-17,55,222.00,Put,3.04,218.00,Put,2.37,221.33,-5.75%,0.67,3.33,+20.12%,"4.97 to 1",10.08%,23.4%
IWM,234.83,2025-10-17,55,225.00,Put,3.72,218.00,Put,2.37,223.65,-4.76%,1.35,5.65,+23.89%,"4.19 to 1",10.08%,27.5%
IWM,234.83,2025-10-17,55,226.00,Put,3.98,218.00,Put,2.37,224.39,-4.45%,1.61,6.39,+25.20%,"3.97 to 1",10.08%,28.9%
IWM,234.83,2025-10-17,55,222.00,Put,3.04,219.00,Put,2.53,221.49,-5.68%,0.51,2.49,+20.48%,"4.88 to 1",10.08%,23.7%
IWM,234.83,2025-10-17,55,225.00,Put,3.72,219.00,Put,2.53,223.81,-4.69%,1.19,4.81,+24.74%,"4.04 to 1",10.08%,27.8%
IWM,234.83,2025-10-17,55,226.00,Put,3.98,219.00,Put,2.53,224.55,-4.38%,1.45,5.55,+26.13%,"3.83 to 1",10.08%,29.2%
IWM,234.83,2025-10-17,55,222.00,Put,3.04,220.00,Put,2.7,221.66,-5.61%,0.34,1.66,+20.48%,"4.88 to 1",10.08%,24.0%
IWM,234.83,2025-10-17,55,225.00,Put,3.72,220.00,Put,2.7,223.98,-4.62%,1.02,3.98,+25.63%,"3.90 to 1",10.08%,28.1%
IWM,234.83,2025-10-17,55,226.00,Put,3.98,220.00,Put,2.7,224.72,-4.31%,1.28,4.72,+27.12%,"3.69 to 1",10.08%,29.5%
IWM,234.83,2025-10-17,55,225.00,Put,3.72,221.00,Put,2.88,224.16,-4.54%,0.84,3.16,+26.58%,"3.76 to 1",10.08%,28.5%
IWM,234.83,2025-10-17,55,226.00,Put,3.98,221.00,Put,2.88,224.9,-4.23%,1.1,3.9,+28.21%,"3.55 to 1",10.08%,29.8%
IWM,234.83,2025-10-17,55,225.00,Put,3.72,222.00,Put,3.08,224.36,-4.46%,0.64,2.36,+27.12%,"3.69 to 1",10.08%,28.8%
IWM,234.83,2025-10-17,55,226.00,Put,3.98,222.00,Put,3.08,225.1,-4.14%,0.9,3.1,+29.03%,"3.44 to 1",10.08%,30.2%
IWM,234.83,2025-10-17,55,225.00,Put,3.72,223.00,Put,3.29,224.57,-4.37%,0.43,1.57,+27.39%,"3.65 to 1",10.08%,29.2%
IWM,234.83,2025-10-17,55,226.00,Put,3.98,223.00,Put,3.29,225.31,-4.05%,0.69,2.31,+29.87%,"3.35 to 1",10.08%,30.6%
IWM,234.83,2025-10-17,55,225.00,Put,3.72,224.00,Put,3.52,224.8,-4.27%,0.2,0.8,+25.00%,"4.00 to 1",10.08%,29.7%
IWM,234.83,2025-10-17,55,226.00,Put,3.98,224.00,Put,3.52,225.54,-3.96%,0.46,1.54,+29.87%,"3.35 to 1",10.08%,31.1%
IWM,234.83,2025-10-17,55,226.00,Put,3.98,225.00,Put,3.77,225.79,-3.85%,0.21,0.79,+26.58%,"3.76 to 1",10.08%,31.5%
QQQ,571.97,2025-10-17,55,580.00,Put,16.75,495.00,Put,1.95,565.2,-1.18%,14.8,70.2,+21.08%,"4.74 to 1",6.92%,42.8%
QQQ,571.97,2025-10-17,55,580.00,Put,16.75,500.00,Put,2.17,565.42,-1.15%,14.58,65.42,+22.29%,"4.49 to 1",6.92%,43.0%
QQQ,571.97,2025-10-17,55,575.00,Put,14.53,505.00,Put,2.43,562.9,-1.59%,12.1,57.9,+20.90%,"4.79 to 1",6.92%,40.3%
QQQ,571.97,2025-10-17,55,580.00,Put,16.75,505.00,Put,2.43,565.68,-1.10%,14.32,60.68,+23.60%,"4.24 to 1",6.92%,43.3%
QQQ,571.97,2025-10-17,55,572.00,Put,13.34,510.00,Put,2.72,561.38,-1.85%,10.62,51.38,+20.67%,"4.84 to 1",6.92%,38.7%
QQQ,571.97,2025-10-17,55,575.00,Put,14.53,510.00,Put,2.72,563.19,-1.54%,11.81,53.19,+22.20%,"4.50 to 1",6.92%,40.6%
QQQ,571.97,2025-10-17,55,580.00,Put,16.75,510.00,Put,2.72,565.97,-1.05%,14.03,55.97,+25.07%,"3.99 to 1",6.92%,43.6%
QQQ,571.97,2025-10-17,55,570.00,Put,12.61,515.00,Put,3.05,560.44,-2.02%,9.56,45.44,+21.04%,"4.75 to 1",6.92%,37.7%
QQQ,571.97,2025-10-17,55,572.00,Put,13.34,515.00,Put,3.05,561.71,-1.79%,10.29,46.71,+22.03%,"4.54 to 1",6.92%,39.1%
QQQ,571.97,2025-10-17,55,575.00,Put,14.53,515.00,Put,3.05,563.52,-1.48%,11.48,48.52,+23.66%,"4.23 to 1",6.92%,41.0%
QQQ,571.97,2025-10-17,55,580.00,Put,16.75,515.00,Put,3.05,566.3,-0.99%,13.7,51.3,+26.71%,"3.74 to 1",6.92%,43.9%
QQQ,571.97,2025-10-17,55,565.00,Put,10.96,520.00,Put,3.43,557.47,-2.54%,7.53,37.47,+20.10%,"4.98 to 1",6.92%,34.7%
QQQ,571.97,2025-10-17,55,570.00,Put,12.61,520.00,Put,3.43,560.82,-1.95%,9.18,40.82,+22.49%,"4.45 to 1",6.92%,38.1%
QQQ,571.97,2025-10-17,55,572.00,Put,13.34,520.00,Put,3.43,562.09,-1.73%,9.91,42.09,+23.54%,"4.25 to 1",6.92%,39.5%
QQQ,571.97,2025-10-17,55,575.00,Put,14.53,520.00,Put,3.43,563.9,-1.41%,11.1,43.9,+25.28%,"3.95 to 1",6.92%,41.4%
QQQ,571.97,2025-10-17,55,580.00,Put,16.75,520.00,Put,3.43,566.68,-0.92%,13.32,46.68,+28.53%,"3.50 to 1",6.92%,44.3%
QQQ,571.97,2025-10-17,55,565.00,Put,10.96,525.00,Put,3.87,557.91,-2.46%,7.09,32.91,+21.54%,"4.64 to 1",6.92%,35.1%
QQQ,571.97,2025-10-17,55,570.00,Put,12.61,525.00,Put,3.87,561.26,-1.87%,8.74,36.26,+24.10%,"4.15 to 1",6.92%,38.6%
QQQ,571.97,2025-10-17,55,572.00,Put,13.34,525.00,Put,3.87,562.53,-1.65%,9.47,37.53,+25.23%,"3.96 to 1",6.92%,39.9%
QQQ,571.97,2025-10-17,55,575.00,Put,14.53,525.00,Put,3.87,564.34,-1.33%,10.66,39.34,+27.10%,"3.69 to 1",6.92%,41.8%
QQQ,571.97,2025-10-17,55,580.00,Put,16.75,525.00,Put,3.87,567.12,-0.85%,12.88,42.12,+30.58%,"3.27 to 1",6.92%,44.8%
QQQ,571.97,2025-10-17,55,565.00,Put,10.96,526.00,Put,3.97,558.01,-2.44%,6.99,32.01,+21.84%,"4.58 to 1",6.92%,35.2%
QQQ,571.97,2025-10-17,55,570.00,Put,12.61,526.00,Put,3.97,561.36,-1.85%,8.64,35.36,+24.43%,"4.09 to 1",6.92%,38.7%
QQQ,571.97,2025-10-17,55,572.00,Put,13.34,526.00,Put,3.97,562.63,-1.63%,9.37,36.63,+25.58%,"3.91 to 1",6.92%,40.0%
QQQ,571.97,2025-10-17,55,575.00,Put,14.53,526.00,Put,3.97,564.44,-1.32%,10.56,38.44,+27.47%,"3.64 to 1",6.92%,42.0%
QQQ,571.97,2025-10-17,55,580.00,Put,16.75,526.00,Put,3.97,567.22,-0.83%,12.78,41.22,+31.00%,"3.23 to 1",6.92%,44.9%
QQQ,571.97,2025-10-17,55,565.00,Put,10.96,527.00,Put,4.06,558.1,-2.42%,6.9,31.1,+22.19%,"4.51 to 1",6.92%,35.3%
QQQ,571.97,2025-10-17,55,570.00,Put,12.61,527.00,Put,4.06,561.45,-1.84%,8.55,34.45,+24.82%,"4.03 to 1",6.92%,38.8%
QQQ,571.97,2025-10-17,55,572.00,Put,13.34,527.00,Put,4.06,562.72,-1.62%,9.28,35.72,+25.98%,"3.85 to 1",6.92%,40.1%
QQQ,571.97,2025-10-17,55,575.00,Put,14.53,527.00,Put,4.06,564.53,-1.30%,10.47,37.53,+27.90%,"3.58 to 1",6.92%,42.0%
QQQ,571.97,2025-10-17,55,580.00,Put,16.75,527.00,Put,4.06,567.31,-0.81%,12.69,40.31,+31.48%,"3.18 to 1",6.92%,45.0%
QQQ,571.97,2025-10-17,55,560.00,Put,9.55,528.00,Put,4.17,554.62,-3.03%,5.38,26.62,+20.21%,"4.95 to 1",6.92%,31.8%
QQQ,571.97,2025-10-17,55,565.00,Put,10.96,528.00,Put,4.17,558.21,-2.41%,6.79,30.21,+22.48%,"4.45 to 1",6.92%,35.5%
QQQ,571.97,2025-10-17,55,570.00,Put,12.61,528.00,Put,4.17,561.56,-1.82%,8.44,33.56,+25.15%,"3.98 to 1",6.92%,38.9%
QQQ,571.97,2025-10-17,55,572.00,Put,13.34,528.00,Put,4.17,562.83,-1.60%,9.17,34.83,+26.33%,"3.80 to 1",6.92%,40.3%
QQQ,571.97,2025-10-17,55,575.00,Put,14.53,528.00,Put,4.17,564.64,-1.28%,10.36,36.64,+28.28%,"3.54 to 1",6.92%,42.2%
QQQ,571.97,2025-10-17,55,580.00,Put,16.75,528.00,Put,4.17,567.42,-0.80%,12.58,39.42,+31.91%,"3.13 to 1",6.92%,45.1%
QQQ,571.97,2025-10-17,55,560.00,Put,9.55,529.00,Put,4.27,554.72,-3.02%,5.28,25.72,+20.53%,"4.87 to 1",6.92%,31.9%
QQQ,571.97,2025-10-17,55,565.00,Put,10.96,529.00,Put,4.27,558.31,-2.39%,6.69,29.31,+22.83%,"4.38 to 1",6.92%,35.6%
QQQ,571.97,2025-10-17,55,570.00,Put,12.61,529.00,Put,4.27,561.66,-1.80%,8.34,32.66,+25.54%,"3.92 to 1",6.92%,39.0%
QQQ,571.97,2025-10-17,55,572.00,Put,13.34,529.00,Put,4.27,562.93,-1.58%,9.07,33.93,+26.73%,"3.74 to 1",6.92%,40.4%
QQQ,571.97,2025-10-17,55,575.00,Put,14.53,529.00,Put,4.27,564.74,-1.26%,10.26,35.74,+28.71%,"3.48 to 1",6.92%,42.3%
QQQ,571.97,2025-10-17,55,580.00,Put,16.75,529.00,Put,4.27,567.52,-0.78%,12.48,38.52,+32.40%,"3.09 to 1",6.92%,45.2%
QQQ,571.97,2025-10-17,55,560.00,Put,9.55,530.00,Put,4.38,554.83,-3.00%,5.17,24.83,+20.82%,"4.80 to 1",6.92%,32.1%
QQQ,571.97,2025-10-17,55,565.00,Put,10.96,530.00,Put,4.38,558.42,-2.37%,6.58,28.42,+23.15%,"4.32 to 1",6.92%,35.7%
QQQ,571.97,2025-10-17,55,570.00,Put,12.61,530.00,Put,4.38,561.77,-1.78%,8.23,31.77,+25.90%,"3.86 to 1",6.92%,39.1%
QQQ,571.97,2025-10-17,55,572.00,Put,13.34,530.00,Put,4.38,563.04,-1.56%,8.96,33.04,+27.12%,"3.69 to 1",6.92%,40.5%
QQQ,571.97,2025-10-17,55,575.00,Put,14.53,530.00,Put,4.38,564.85,-1.24%,10.15,34.85,+29.12%,"3.43 to 1",6.92%,42.4%
QQQ,571.97,2025-10-17,55,580.00,Put,16.75,530.00,Put,4.38,567.63,-0.76%,12.37,37.63,+32.87%,"3.04 to 1",6.92%,45.4%
QQQ,571.97,2025-10-17,55,560.00,Put,9.55,531.00,Put,4.49,554.94,-2.98%,5.06,23.94,+21.14%,"4.73 to 1",6.92%,32.2%
QQQ,571.97,2025-10-17,55,565.00,Put,10.96,531.00,Put,4.49,558.53,-2.35%,6.47,27.53,+23.50%,"4.26 to 1",6.92%,35.8%
QQQ,571.97,2025-10-17,55,570.00,Put,12.61,531.00,Put,4.49,561.88,-1.76%,8.12,30.88,+26.30%,"3.80 to 1",6.92%,39.3%
QQQ,571.97,2025-10-17,55,572.00,Put,13.34,531.00,Put,4.49,563.15,-1.54%,8.85,32.15,+27.53%,"3.63 to 1",6.92%,40.6%
QQQ,571.97,2025-10-17,55,575.00,Put,14.53,531.00,Put,4.49,564.96,-1.23%,10.04,33.96,+29.56%,"3.38 to 1",6.92%,42.5%
QQQ,571.97,2025-10-17,55,580.00,Put,16.75,531.00,Put,4.49,567.74,-0.74%,12.26,36.74,+33.37%,"3.00 to 1",6.92%,45.5%
QQQ,571.97,2025-10-17,55,560.00,Put,9.55,532.00,Put,4.6,555.05,-2.96%,4.95,23.05,+21.48%,"4.66 to 1",6.92%,32.3%
QQQ,571.97,2025-10-17,55,565.00,Put,10.96,532.00,Put,4.6,558.64,-2.33%,6.36,26.64,+23.87%,"4.19 to 1",6.92%,35.9%
QQQ,571.97,2025-10-17,55,570.00,Put,12.61,532.00,Put,4.6,561.99,-1.74%,8.01,29.99,+26.71%,"3.74 to 1",6.92%,39.4%
QQQ,571.97,2025-10-17,55,572.00,Put,13.34,532.00,Put,4.6,563.26,-1.52%,8.74,31.26,+27.96%,"3.58 to 1",6.92%,40.7%
QQQ,571.97,2025-10-17,55,575.00,Put,14.53,532.00,Put,4.6,565.07,-1.21%,9.93,33.07,+30.03%,"3.33 to 1",6.92%,42.6%
QQQ,571.97,2025-10-17,55,580.00,Put,16.75,532.00,Put,4.6,567.85,-0.72%,12.15,35.85,+33.89%,"2.95 to 1",6.92%,45.6%
QQQ,571.97,2025-10-17,55,560.00,Put,9.55,533.00,Put,4.72,555.17,-2.94%,4.83,22.17,+21.79%,"4.59 to 1",6.92%,32.4%
QQQ,571.97,2025-10-17,55,565.00,Put,10.96,533.00,Put,4.72,558.76,-2.31%,6.24,25.76,+24.22%,"4.13 to 1",6.92%,36.0%
QQQ,571.97,2025-10-17,55,570.00,Put,12.61,533.00,Put,4.72,562.11,-1.72%,7.89,29.11,+27.10%,"3.69 to 1",6.92%,39.5%
QQQ,571.97,2025-10-17,55,572.00,Put,13.34,533.00,Put,4.72,563.38,-1.50%,8.62,30.38,+28.37%,"3.52 to 1",6.92%,40.8%
QQQ,571.97,2025-10-17,55,575.00,Put,14.53,533.00,Put,4.72,565.19,-1.19%,9.81,32.19,+30.48%,"3.28 to 1",6.92%,42.7%
QQQ,571.97,2025-10-17,55,580.00,Put,16.75,533.00,Put,4.72,567.97,-0.70%,12.03,34.97,+34.40%,"2.91 to 1",6.92%,45.7%
QQQ,571.97,2025-10-17,55,560.00,Put,9.55,534.00,Put,4.84,555.29,-2.92%,4.71,21.29,+22.12%,"4.52 to 1",6.92%,32.5%
QQQ,571.97,2025-10-17,55,565.00,Put,10.96,534.00,Put,4.84,558.88,-2.29%,6.12,24.88,+24.60%,"4.07 to 1",6.92%,36.1%
QQQ,571.97,2025-10-17,55,570.00,Put,12.61,534.00,Put,4.84,562.23,-1.70%,7.77,28.23,+27.52%,"3.63 to 1",6.92%,39.6%
QQQ,571.97,2025-10-17,55,572.00,Put,13.34,534.00,Put,4.84,563.5,-1.48%,8.5,29.5,+28.81%,"3.47 to 1",6.92%,41.0%
QQQ,571.97,2025-10-17,55,575.00,Put,14.53,534.00,Put,4.84,565.31,-1.16%,9.69,31.31,+30.95%,"3.23 to 1",6.92%,42.9%
QQQ,571.97,2025-10-17,55,580.00,Put,16.75,534.00,Put,4.84,568.09,-0.68%,11.91,34.09,+34.94%,"2.86 to 1",6.92%,45.8%
QQQ,571.97,2025-10-17,55,555.00,Put,8.33,535.00,Put,4.96,551.63,-3.56%,3.37,16.63,+20.26%,"4.93 to 1",6.92%,28.9%
QQQ,571.97,2025-10-17,55,560.00,Put,9.55,535.00,Put,4.96,555.41,-2.90%,4.59,20.41,+22.49%,"4.45 to 1",6.92%,32.6%
QQQ,571.97,2025-10-17,55,565.00,Put,10.96,535.00,Put,4.96,559,-2.27%,6,24,+25.00%,"4.00 to 1",6.92%,36.3%
QQQ,571.97,2025-10-17,55,570.00,Put,12.61,535.00,Put,4.96,562.35,-1.68%,7.65,27.35,+27.97%,"3.58 to 1",6.92%,39.7%
QQQ,571.97,2025-10-17,55,572.00,Put,13.34,535.00,Put,4.96,563.62,-1.46%,8.38,28.62,+29.28%,"3.42 to 1",6.92%,41.1%
QQQ,571.97,2025-10-17,55,575.00,Put,14.53,535.00,Put,4.96,565.43,-1.14%,9.57,30.43,+31.45%,"3.18 to 1",6.92%,43.0%
QQQ,571.97,2025-10-17,55,580.00,Put,16.75,535.00,Put,4.96,568.21,-0.66%,11.79,33.21,+35.50%,"2.82 to 1",6.92%,46.0%
QQQ,571.97,2025-10-17,55,555.00,Put,8.33,536.00,Put,5.09,551.76,-3.53%,3.24,15.76,+20.56%,"4.86 to 1",6.92%,29.1%
QQQ,571.97,2025-10-17,55,560.00,Put,9.55,536.00,Put,5.09,555.54,-2.87%,4.46,19.54,+22.83%,"4.38 to 1",6.92%,32.8%
QQQ,571.97,2025-10-17,55,565.00,Put,10.96,536.00,Put,5.09,559.13,-2.24%,5.87,23.13,+25.38%,"3.94 to 1",6.92%,36.4%
QQQ,571.97,2025-10-17,55,570.00,Put,12.61,536.00,Put,5.09,562.48,-1.66%,7.52,26.48,+28.40%,"3.52 to 1",6.92%,39.9%
QQQ,571.97,2025-10-17,55,572.00,Put,13.34,536.00,Put,5.09,563.75,-1.44%,8.25,27.75,+29.73%,"3.36 to 1",6.92%,41.2%
QQQ,571.97,2025-10-17,55,575.00,Put,14.53,536.00,Put,5.09,565.56,-1.12%,9.44,29.56,+31.94%,"3.13 to 1",6.92%,43.1%
QQQ,571.97,2025-10-17,55,580.00,Put,16.75,536.00,Put,5.09,568.34,-0.63%,11.66,32.34,+36.05%,"2.77 to 1",6.92%,46.1%
QQQ,571.97,2025-10-17,55,555.00,Put,8.33,537.00,Put,5.22,551.89,-3.51%,3.11,14.89,+20.89%,"4.79 to 1",6.92%,29.2%
QQQ,571.97,2025-10-17,55,560.00,Put,9.55,537.00,Put,5.22,555.67,-2.85%,4.33,18.67,+23.19%,"4.31 to 1",6.92%,32.9%
QQQ,571.97,2025-10-17,55,565.00,Put,10.96,537.00,Put,5.22,559.26,-2.22%,5.74,22.26,+25.79%,"3.88 to 1",6.92%,36.5%
QQQ,571.97,2025-10-17,55,570.00,Put,12.61,537.00,Put,5.22,562.61,-1.64%,7.39,25.61,+28.86%,"3.47 to 1",6.92%,40.0%
QQQ,571.97,2025-10-17,55,572.00,Put,13.34,537.00,Put,5.22,563.88,-1.41%,8.12,26.88,+30.21%,"3.31 to 1",6.92%,41.4%
QQQ,571.97,2025-10-17,55,575.00,Put,14.53,537.00,Put,5.22,565.69,-1.10%,9.31,28.69,+32.45%,"3.08 to 1",6.92%,43.3%
QQQ,571.97,2025-10-17,55,580.00,Put,16.75,537.00,Put,5.22,568.47,-0.61%,11.53,31.47,+36.64%,"2.73 to 1",6.92%,46.3%
QQQ,571.97,2025-10-17,55,555.00,Put,8.33,538.00,Put,5.36,552.03,-3.49%,2.97,14.03,+21.17%,"4.72 to 1",6.92%,29.3%
QQQ,571.97,2025-10-17,55,560.00,Put,9.55,538.00,Put,5.36,555.81,-2.83%,4.19,17.81,+23.53%,"4.25 to 1",6.92%,33.0%
QQQ,571.97,2025-10-17,55,565.00,Put,10.96,538.00,Put,5.36,559.4,-2.20%,5.6,21.4,+26.17%,"3.82 to 1",6.92%,36.7%
QQQ,571.97,2025-10-17,55,570.00,Put,12.61,538.00,Put,5.36,562.75,-1.61%,7.25,24.75,+29.29%,"3.41 to 1",6.92%,40.2%
QQQ,571.97,2025-10-17,55,572.00,Put,13.34,538.00,Put,5.36,564.02,-1.39%,7.98,26.02,+30.67%,"3.26 to 1",6.92%,41.5%
QQQ,571.97,2025-10-17,55,575.00,Put,14.53,538.00,Put,5.36,565.83,-1.07%,9.17,27.83,+32.95%,"3.03 to 1",6.92%,43.4%
QQQ,571.97,2025-10-17,55,580.00,Put,16.75,538.00,Put,5.36,568.61,-0.59%,11.39,30.61,+37.21%,"2.69 to 1",6.92%,46.4%
QQQ,571.97,2025-10-17,55,555.00,Put,8.33,539.00,Put,5.5,552.17,-3.46%,2.83,13.17,+21.49%,"4.65 to 1",6.92%,29.5%
QQQ,571.97,2025-10-17,55,560.00,Put,9.55,539.00,Put,5.5,555.95,-2.80%,4.05,16.95,+23.89%,"4.19 to 1",6.92%,33.2%
QQQ,571.97,2025-10-17,55,565.00,Put,10.96,539.00,Put,5.5,559.54,-2.17%,5.46,20.54,+26.58%,"3.76 to 1",6.92%,36.8%
QQQ,571.97,2025-10-17,55,570.00,Put,12.61,539.00,Put,5.5,562.89,-1.59%,7.11,23.89,+29.76%,"3.36 to 1",6.92%,40.3%
QQQ,571.97,2025-10-17,55,572.00,Put,13.34,539.00,Put,5.5,564.16,-1.37%,7.84,25.16,+31.16%,"3.21 to 1",6.92%,41.7%
QQQ,571.97,2025-10-17,55,575.00,Put,14.53,539.00,Put,5.5,565.97,-1.05%,9.03,26.97,+33.48%,"2.99 to 1",6.92%,43.6%
QQQ,571.97,2025-10-17,55,580.00,Put,16.75,539.00,Put,5.5,568.75,-0.56%,11.25,29.75,+37.82%,"2.64 to 1",6.92%,46.6%
QQQ,571.97,2025-10-17,55,555.00,Put,8.33,540.00,Put,5.64,552.31,-3.44%,2.69,12.31,+21.85%,"4.58 to 1",6.92%,29.6%
QQQ,571.97,2025-10-17,55,560.00,Put,9.55,540.00,Put,5.64,556.09,-2.78%,3.91,16.09,+24.30%,"4.12 to 1",6.92%,33.3%
QQQ,571.97,2025-10-17,55,565.00,Put,10.96,540.00,Put,5.64,559.68,-2.15%,5.32,19.68,+27.03%,"3.70 to 1",6.92%,37.0%
QQQ,571.97,2025-10-17,55,570.00,Put,12.61,540.00,Put,5.64,563.03,-1.56%,6.97,23.03,+30.26%,"3.30 to 1",6.92%,40.5%
QQQ,571.97,2025-10-17,55,572.00,Put,13.34,540.00,Put,5.64,564.3,-1.34%,7.7,24.3,+31.69%,"3.16 to 1",6.92%,41.8%
QQQ,571.97,2025-10-17,55,575.00,Put,14.53,540.00,Put,5.64,566.11,-1.02%,8.89,26.11,+34.05%,"2.94 to 1",6.92%,43.7%
QQQ,571.97,2025-10-17,55,580.00,Put,16.75,540.00,Put,5.64,568.89,-0.54%,11.11,28.89,+38.46%,"2.60 to 1",6.92%,46.7%
QQQ,571.97,2025-10-17,55,550.00,Put,7.29,541.00,Put,5.79,548.5,-4.10%,1.5,7.5,+20.00%,"5.00 to 1",6.92%,26.0%
QQQ,571.97,2025-10-17,55,555.00,Put,8.33,541.00,Put,5.79,552.46,-3.41%,2.54,11.46,+22.16%,"4.51 to 1",6.92%,29.7%
QQQ,571.97,2025-10-17,55,560.00,Put,9.55,541.00,Put,5.79,556.24,-2.75%,3.76,15.24,+24.67%,"4.05 to 1",6.92%,33.5%
QQQ,571.97,2025-10-17,55,565.00,Put,10.96,541.00,Put,5.79,559.83,-2.12%,5.17,18.83,+27.46%,"3.64 to 1",6.92%,37.1%
QQQ,571.97,2025-10-17,55,570.00,Put,12.61,541.00,Put,5.79,563.18,-1.54%,6.82,22.18,+30.75%,"3.25 to 1",6.92%,40.6%
QQQ,571.97,2025-10-17,55,572.00,Put,13.34,541.00,Put,5.79,564.45,-1.31%,7.55,23.45,+32.20%,"3.11 to 1",6.92%,42.0%
QQQ,571.97,2025-10-17,55,575.00,Put,14.53,541.00,Put,5.79,566.26,-1.00%,8.74,25.26,+34.60%,"2.89 to 1",6.92%,43.9%
QQQ,571.97,2025-10-17,55,580.00,Put,16.75,541.00,Put,5.79,569.04,-0.51%,10.96,28.04,+39.09%,"2.56 to 1",6.92%,46.9%
QQQ,571.97,2025-10-17,55,550.00,Put,7.29,542.00,Put,5.94,548.65,-4.08%,1.35,6.65,+20.30%,"4.93 to 1",6.92%,26.2%
QQQ,571.97,2025-10-17,55,555.00,Put,8.33,542.00,Put,5.94,552.61,-3.38%,2.39,10.61,+22.53%,"4.44 to 1",6.92%,29.9%
QQQ,571.97,2025-10-17,55,560.00,Put,9.55,542.00,Put,5.94,556.39,-2.72%,3.61,14.39,+25.09%,"3.99 to 1",6.92%,33.6%
QQQ,571.97,2025-10-17,55,565.00,Put,10.96,542.00,Put,5.94,559.98,-2.10%,5.02,17.98,+27.92%,"3.58 to 1",6.92%,37.3%
QQQ,571.97,2025-10-17,55,570.00,Put,12.61,542.00,Put,5.94,563.33,-1.51%,6.67,21.33,+31.27%,"3.20 to 1",6.92%,40.8%
QQQ,571.97,2025-10-17,55,572.00,Put,13.34,542.00,Put,5.94,564.6,-1.29%,7.4,22.6,+32.74%,"3.05 to 1",6.92%,42.1%
QQQ,571.97,2025-10-17,55,575.00,Put,14.53,542.00,Put,5.94,566.41,-0.97%,8.59,24.41,+35.19%,"2.84 to 1",6.92%,44.0%
QQQ,571.97,2025-10-17,55,580.00,Put,16.75,542.00,Put,5.94,569.19,-0.49%,10.81,27.19,+39.76%,"2.52 to 1",6.92%,47.0%
QQQ,571.97,2025-10-17,55,550.00,Put,7.29,543.00,Put,6.1,548.81,-4.05%,1.19,5.81,+20.48%,"4.88 to 1",6.92%,26.3%
QQQ,571.97,2025-10-17,55,555.00,Put,8.33,543.00,Put,6.1,552.77,-3.36%,2.23,9.77,+22.83%,"4.38 to 1",6.92%,30.0%
QQQ,571.97,2025-10-17,55,560.00,Put,9.55,543.00,Put,6.1,556.55,-2.70%,3.45,13.55,+25.46%,"3.93 to 1",6.92%,33.8%
QQQ,571.97,2025-10-17,55,565.00,Put,10.96,543.00,Put,6.1,560.14,-2.07%,4.86,17.14,+28.35%,"3.53 to 1",6.92%,37.4%
QQQ,571.97,2025-10-17,55,570.00,Put,12.61,543.00,Put,6.1,563.49,-1.48%,6.51,20.49,+31.77%,"3.15 to 1",6.92%,40.9%
QQQ,571.97,2025-10-17,55,572.00,Put,13.34,543.00,Put,6.1,564.76,-1.26%,7.24,21.76,+33.27%,"3.01 to 1",6.92%,42.3%
QQQ,571.97,2025-10-17,55,575.00,Put,14.53,543.00,Put,6.1,566.57,-0.94%,8.43,23.57,+35.77%,"2.80 to 1",6.92%,44.2%
QQQ,571.97,2025-10-17,55,550.00,Put,7.29,544.00,Put,6.26,548.97,-4.02%,1.03,4.97,+20.72%,"4.83 to 1",6.92%,26.5%
QQQ,571.97,2025-10-17,55,555.00,Put,8.33,544.00,Put,6.26,552.93,-3.33%,2.07,8.93,+23.18%,"4.31 to 1",6.92%,30.2%
QQQ,571.97,2025-10-17,55,560.00,Put,9.55,544.00,Put,6.26,556.71,-2.67%,3.29,12.71,+25.89%,"3.86 to 1",6.92%,33.9%
QQQ,571.97,2025-10-17,55,565.00,Put,10.96,544.00,Put,6.26,560.3,-2.04%,4.7,16.3,+28.83%,"3.47 to 1",6.92%,37.6%
QQQ,571.97,2025-10-17,55,570.00,Put,12.61,544.00,Put,6.26,563.65,-1.45%,6.35,19.65,+32.32%,"3.09 to 1",6.92%,41.1%
QQQ,571.97,2025-10-17,55,572.00,Put,13.34,544.00,Put,6.26,564.92,-1.23%,7.08,20.92,+33.84%,"2.95 to 1",6.92%,42.5%
QQQ,571.97,2025-10-17,55,575.00,Put,14.53,544.00,Put,6.26,566.73,-0.92%,8.27,22.73,+36.38%,"2.75 to 1",6.92%,44.4%
QQQ,571.97,2025-10-17,55,550.00,Put,7.29,545.00,Put,6.42,549.13,-3.99%,0.87,4.13,+21.07%,"4.75 to 1",6.92%,26.6%
QQQ,571.97,2025-10-17,55,555.00,Put,8.33,545.00,Put,6.42,553.09,-3.30%,1.91,8.09,+23.61%,"4.24 to 1",6.92%,30.3%
QQQ,571.97,2025-10-17,55,560.00,Put,9.55,545.00,Put,6.42,556.87,-2.64%,3.13,11.87,+26.37%,"3.79 to 1",6.92%,34.1%
QQQ,571.97,2025-10-17,55,565.00,Put,10.96,545.00,Put,6.42,560.46,-2.01%,4.54,15.46,+29.37%,"3.41 to 1",6.92%,37.8%
QQQ,571.97,2025-10-17,55,570.00,Put,12.61,545.00,Put,6.42,563.81,-1.43%,6.19,18.81,+32.91%,"3.04 to 1",6.92%,41.3%
QQQ,571.97,2025-10-17,55,572.00,Put,13.34,545.00,Put,6.42,565.08,-1.20%,6.92,20.08,+34.46%,"2.90 to 1",6.92%,42.6%
QQQ,571.97,2025-10-17,55,575.00,Put,14.53,545.00,Put,6.42,566.89,-0.89%,8.11,21.89,+37.05%,"2.70 to 1",6.92%,44.6%
QQQ,571.97,2025-10-17,55,550.00,Put,7.29,546.00,Put,6.59,549.3,-3.96%,0.7,3.3,+21.21%,"4.71 to 1",6.92%,26.8%
QQQ,571.97,2025-10-17,55,555.00,Put,8.33,546.00,Put,6.59,553.26,-3.27%,1.74,7.26,+23.97%,"4.17 to 1",6.92%,30.5%
QQQ,571.97,2025-10-17,55,560.00,Put,9.55,546.00,Put,6.59,557.04,-2.61%,2.96,11.04,+26.81%,"3.73 to 1",6.92%,34.3%
QQQ,571.97,2025-10-17,55,565.00,Put,10.96,546.00,Put,6.59,560.63,-1.98%,4.37,14.63,+29.87%,"3.35 to 1",6.92%,37.9%
QQQ,571.97,2025-10-17,55,570.00,Put,12.61,546.00,Put,6.59,563.98,-1.40%,6.02,17.98,+33.48%,"2.99 to 1",6.92%,41.5%
QQQ,571.97,2025-10-17,55,572.00,Put,13.34,546.00,Put,6.59,565.25,-1.17%,6.75,19.25,+35.06%,"2.85 to 1",6.92%,42.8%
QQQ,571.97,2025-10-17,55,575.00,Put,14.53,546.00,Put,6.59,567.06,-0.86%,7.94,21.06,+37.70%,"2.65 to 1",6.92%,44.7%
QQQ,571.97,2025-10-17,55,550.00,Put,7.29,547.00,Put,6.77,549.48,-3.93%,0.52,2.48,+20.97%,"4.77 to 1",6.92%,26.9%
QQQ,571.97,2025-10-17,55,555.00,Put,8.33,547.00,Put,6.77,553.44,-3.24%,1.56,6.44,+24.22%,"4.13 to 1",6.92%,30.7%
QQQ,571.97,2025-10-17,55,560.00,Put,9.55,547.00,Put,6.77,557.22,-2.58%,2.78,10.22,+27.20%,"3.68 to 1",6.92%,34.4%
QQQ,571.97,2025-10-17,55,565.00,Put,10.96,547.00,Put,6.77,560.81,-1.95%,4.19,13.81,+30.34%,"3.30 to 1",6.92%,38.1%
QQQ,571.97,2025-10-17,55,570.00,Put,12.61,547.00,Put,6.77,564.16,-1.37%,5.84,17.16,+34.03%,"2.94 to 1",6.92%,41.7%
QQQ,571.97,2025-10-17,55,572.00,Put,13.34,547.00,Put,6.77,565.43,-1.14%,6.57,18.43,+35.65%,"2.81 to 1",6.92%,43.0%
QQQ,571.97,2025-10-17,55,575.00,Put,14.53,547.00,Put,6.77,567.24,-0.83%,7.76,20.24,+38.34%,"2.61 to 1",6.92%,44.9%
QQQ,571.97,2025-10-17,55,550.00,Put,7.29,548.00,Put,6.95,549.66,-3.90%,0.34,1.66,+20.48%,"4.88 to 1",6.92%,27.1%
QQQ,571.97,2025-10-17,55,555.00,Put,8.33,548.00,Put,6.95,553.62,-3.21%,1.38,5.62,+24.56%,"4.07 to 1",6.92%,30.9%
QQQ,571.97,2025-10-17,55,560.00,Put,9.55,548.00,Put,6.95,557.4,-2.55%,2.6,9.4,+27.66%,"3.62 to 1",6.92%,34.6%
QQQ,571.97,2025-10-17,55,565.00,Put,10.96,548.00,Put,6.95,560.99,-1.92%,4.01,12.99,+30.87%,"3.24 to 1",6.92%,38.3%
QQQ,571.97,2025-10-17,55,570.00,Put,12.61,548.00,Put,6.95,564.34,-1.33%,5.66,16.34,+34.64%,"2.89 to 1",6.92%,41.8%
QQQ,571.97,2025-10-17,55,572.00,Put,13.34,548.00,Put,6.95,565.61,-1.11%,6.39,17.61,+36.29%,"2.76 to 1",6.92%,43.2%
QQQ,571.97,2025-10-17,55,575.00,Put,14.53,548.00,Put,6.95,567.42,-0.80%,7.58,19.42,+39.03%,"2.56 to 1",6.92%,45.1%
QQQ,571.97,2025-10-17,55,555.00,Put,8.33,549.00,Put,7.14,553.81,-3.17%,1.19,4.81,+24.74%,"4.04 to 1",6.92%,31.0%
QQQ,571.97,2025-10-17,55,560.00,Put,9.55,549.00,Put,7.14,557.59,-2.51%,2.41,8.59,+28.06%,"3.56 to 1",6.92%,34.8%
QQQ,571.97,2025-10-17,55,565.00,Put,10.96,549.00,Put,7.14,561.18,-1.89%,3.82,12.18,+31.36%,"3.19 to 1",6.92%,38.5%
QQQ,571.97,2025-10-17,55,570.00,Put,12.61,549.00,Put,7.14,564.53,-1.30%,5.47,15.53,+35.22%,"2.84 to 1",6.92%,42.0%
QQQ,571.97,2025-10-17,55,572.00,Put,13.34,549.00,Put,7.14,565.8,-1.08%,6.2,16.8,+36.90%,"2.71 to 1",6.92%,43.4%
QQQ,571.97,2025-10-17,55,575.00,Put,14.53,549.00,Put,7.14,567.61,-0.76%,7.39,18.61,+39.71%,"2.52 to 1",6.92%,45.3%
QQQ,571.97,2025-10-17,55,555.00,Put,8.33,550.00,Put,7.33,554,-3.14%,1,4,+25.00%,"4.00 to 1",6.92%,31.2%
QQQ,571.97,2025-10-17,55,560.00,Put,9.55,550.00,Put,7.33,557.78,-2.48%,2.22,7.78,+28.53%,"3.50 to 1",6.92%,35.0%
QQQ,571.97,2025-10-17,55,565.00,Put,10.96,550.00,Put,7.33,561.37,-1.85%,3.63,11.37,+31.93%,"3.13 to 1",6.92%,38.7%
QQQ,571.97,2025-10-17,55,570.00,Put,12.61,550.00,Put,7.33,564.72,-1.27%,5.28,14.72,+35.87%,"2.79 to 1",6.92%,42.3%
QQQ,571.97,2025-10-17,55,572.00,Put,13.34,550.00,Put,7.33,565.99,-1.05%,6.01,15.99,+37.59%,"2.66 to 1",6.92%,43.6%
QQQ,571.97,2025-10-17,55,555.00,Put,8.33,551.00,Put,7.53,554.2,-3.11%,0.8,3.2,+25.00%,"4.00 to 1",6.92%,31.4%
QQQ,571.97,2025-10-17,55,560.00,Put,9.55,551.00,Put,7.53,557.98,-2.45%,2.02,6.98,+28.94%,"3.46 to 1",6.92%,35.2%
QQQ,571.97,2025-10-17,55,565.00,Put,10.96,551.00,Put,7.53,561.57,-1.82%,3.43,10.57,+32.45%,"3.08 to 1",6.92%,38.9%
QQQ,571.97,2025-10-17,55,570.00,Put,12.61,551.00,Put,7.53,564.92,-1.23%,5.08,13.92,+36.49%,"2.74 to 1",6.92%,42.5%
QQQ,571.97,2025-10-17,55,572.00,Put,13.34,551.00,Put,7.53,566.19,-1.01%,5.81,15.19,+38.25%,"2.61 to 1",6.92%,43.8%
QQQ,571.97,2025-10-17,55,555.00,Put,8.33,552.00,Put,7.73,554.4,-3.07%,0.6,2.4,+25.00%,"4.00 to 1",6.92%,31.6%
QQQ,571.97,2025-10-17,55,560.00,Put,9.55,552.00,Put,7.73,558.18,-2.41%,1.82,6.18,+29.45%,"3.40 to 1",6.92%,35.4%
QQQ,571.97,2025-10-17,55,565.00,Put,10.96,552.00,Put,7.73,561.77,-1.78%,3.23,9.77,+33.06%,"3.02 to 1",6.92%,39.1%
QQQ,571.97,2025-10-17,55,570.00,Put,12.61,552.00,Put,7.73,565.12,-1.20%,4.88,13.12,+37.20%,"2.69 to 1",6.92%,42.7%
QQQ,571.97,2025-10-17,55,572.00,Put,13.34,552.00,Put,7.73,566.39,-0.98%,5.61,14.39,+38.99%,"2.57 to 1",6.92%,44.0%
QQQ,571.97,2025-10-17,55,555.00,Put,8.33,553.00,Put,7.94,554.61,-3.04%,0.39,1.61,+24.22%,"4.13 to 1",6.92%,31.8%
QQQ,571.97,2025-10-17,55,560.00,Put,9.55,553.00,Put,7.94,558.39,-2.37%,1.61,5.39,+29.87%,"3.35 to 1",6.92%,35.6%
QQQ,571.97,2025-10-17,55,565.00,Put,10.96,553.00,Put,7.94,561.98,-1.75%,3.02,8.98,+33.63%,"2.97 to 1",6.92%,39.4%
QQQ,571.97,2025-10-17,55,570.00,Put,12.61,553.00,Put,7.94,565.33,-1.16%,4.67,12.33,+37.88%,"2.64 to 1",6.92%,42.9%
QQQ,571.97,2025-10-17,55,572.00,Put,13.34,553.00,Put,7.94,566.6,-0.94%,5.4,13.6,+39.71%,"2.52 to 1",6.92%,44.3%
QQQ,571.97,2025-10-17,55,555.00,Put,8.33,554.00,Put,8.16,554.83,-3.00%,0.17,0.83,+20.48%,"4.88 to 1",6.92%,32.1%
QQQ,571.97,2025-10-17,55,560.00,Put,9.55,554.00,Put,8.16,558.61,-2.34%,1.39,4.61,+30.15%,"3.32 to 1",6.92%,35.9%
QQQ,571.97,2025-10-17,55,565.00,Put,10.96,554.00,Put,8.16,562.2,-1.71%,2.8,8.2,+34.15%,"2.93 to 1",6.92%,39.6%
QQQ,571.97,2025-10-17,55,570.00,Put,12.61,554.00,Put,8.16,565.55,-1.12%,4.45,11.55,+38.53%,"2.60 to 1",6.92%,43.1%
QQQ,571.97,2025-10-17,55,560.00,Put,9.55,555.00,Put,8.38,558.83,-2.30%,1.17,3.83,+30.55%,"3.27 to 1",6.92%,36.1%
QQQ,571.97,2025-10-17,55,565.00,Put,10.96,555.00,Put,8.38,562.42,-1.67%,2.58,7.42,+34.77%,"2.88 to 1",6.92%,39.8%
QQQ,571.97,2025-10-17,55,570.00,Put,12.61,555.00,Put,8.38,565.77,-1.08%,4.23,10.77,+39.28%,"2.55 to 1",6.92%,43.4%
QQQ,571.97,2025-10-17,55,560.00,Put,9.55,556.00,Put,8.61,559.06,-2.26%,0.94,3.06,+30.72%,"3.26 to 1",6.92%,36.3%
QQQ,571.97,2025-10-17,55,565.00,Put,10.96,556.00,Put,8.61,562.65,-1.63%,2.35,6.65,+35.34%,"2.83 to 1",6.92%,40.1%
QQQ,571.97,2025-10-17,55,570.00,Put,12.61,556.00,Put,8.61,566,-1.04%,4,10,+40.00%,"2.50 to 1",6.92%,43.6%
QQQ,571.97,2025-10-17,55,560.00,Put,9.55,557.00,Put,8.85,559.3,-2.22%,0.7,2.3,+30.43%,"3.29 to 1",6.92%,36.6%
QQQ,571.97,2025-10-17,55,565.00,Put,10.96,557.00,Put,8.85,562.89,-1.59%,2.11,5.89,+35.82%,"2.79 to 1",6.92%,40.3%
QQQ,571.97,2025-10-17,55,560.00,Put,9.55,558.00,Put,9.09,559.54,-2.17%,0.46,1.54,+29.87%,"3.35 to 1",6.92%,36.8%
QQQ,571.97,2025-10-17,55,565.00,Put,10.96,558.00,Put,9.09,563.13,-1.55%,1.87,5.13,+36.45%,"2.74 to 1",6.92%,40.6%
QQQ,571.97,2025-10-17,55,560.00,Put,9.55,559.00,Put,9.34,559.79,-2.13%,0.21,0.79,+26.58%,"3.76 to 1",6.92%,37.1%
QQQ,571.97,2025-10-17,55,565.00,Put,10.96,559.00,Put,9.34,563.38,-1.50%,1.62,4.38,+36.99%,"2.70 to 1",6.92%,40.8%
QQQ,571.97,2025-10-17,55,565.00,Put,10.96,560.00,Put,9.6,563.64,-1.46%,1.36,3.64,+37.36%,"2.68 to 1",6.92%,41.1%
QQQ,571.97,2025-10-17,55,565.00,Put,10.96,561.00,Put,9.87,563.91,-1.41%,1.09,2.91,+37.46%,"2.67 to 1",6.92%,41.4%
QQQ,571.97,2025-10-17,55,565.00,Put,10.96,562.00,Put,10.15,564.19,-1.36%,0.81,2.19,+36.99%,"2.70 to 1",6.92%,41.7%
QQQ,571.97,2025-10-17,55,565.00,Put,10.96,563.00,Put,10.43,564.47,-1.31%,0.53,1.47,+36.05%,"2.77 to 1",6.92%,42.0%
QQQ,571.97,2025-10-17,55,565.00,Put,10.96,564.00,Put,10.72,564.76,-1.26%,0.24,0.76,+31.58%,"3.17 to 1",6.92%,42.3%
QQQ,571.97,2025-10-17,55,570.00,Put,12.61,569.00,Put,12.33,569.72,-0.39%,0.28,0.72,+38.89%,"2.57 to 1",6.92%,47.6%
SPY,645.31,2025-10-17,55,650.00,Put,13.28,585.00,Put,2.35,639.07,-0.97%,10.93,54.07,+20.21%,"4.95 to 1",6.40%,41.9%
SPY,645.31,2025-10-17,55,650.00,Put,13.28,590.00,Put,2.64,639.36,-0.92%,10.64,49.36,+21.56%,"4.64 to 1",6.40%,42.3%
SPY,645.31,2025-10-17,55,650.00,Put,13.28,595.00,Put,2.97,639.69,-0.87%,10.31,44.69,+23.07%,"4.33 to 1",6.40%,42.7%
SPY,645.31,2025-10-17,55,645.00,Put,11.27,600.00,Put,3.35,637.08,-1.28%,7.92,37.08,+21.36%,"4.68 to 1",6.40%,39.3%
SPY,645.31,2025-10-17,55,650.00,Put,13.28,600.00,Put,3.35,640.07,-0.81%,9.93,40.07,+24.78%,"4.04 to 1",6.40%,43.2%
SPY,645.31,2025-10-17,55,640.00,Put,9.64,605.00,Put,3.79,634.15,-1.73%,5.85,29.15,+20.07%,"4.98 to 1",6.40%,35.7%
SPY,645.31,2025-10-17,55,645.00,Put,11.27,605.00,Put,3.79,637.52,-1.21%,7.48,32.52,+23.00%,"4.35 to 1",6.40%,39.9%
SPY,645.31,2025-10-17,55,650.00,Put,13.28,605.00,Put,3.79,640.51,-0.74%,9.49,35.51,+26.72%,"3.74 to 1",6.40%,43.7%
SPY,645.31,2025-10-17,55,640.00,Put,9.64,610.00,Put,4.29,634.65,-1.65%,5.35,24.65,+21.70%,"4.61 to 1",6.40%,36.3%
SPY,645.31,2025-10-17,55,645.00,Put,11.27,610.00,Put,4.29,638.02,-1.13%,6.98,28.02,+24.91%,"4.01 to 1",6.40%,40.5%
SPY,645.31,2025-10-17,55,650.00,Put,13.28,610.00,Put,4.29,641.01,-0.67%,8.99,31.01,+28.99%,"3.45 to 1",6.40%,44.4%
SPY,645.31,2025-10-17,55,635.00,Put,8.31,615.00,Put,4.87,631.56,-2.13%,3.44,16.56,+20.77%,"4.81 to 1",6.40%,32.5%
SPY,645.31,2025-10-17,55,640.00,Put,9.64,615.00,Put,4.87,635.23,-1.56%,4.77,20.23,+23.58%,"4.24 to 1",6.40%,37.0%
SPY,645.31,2025-10-17,55,645.00,Put,11.27,615.00,Put,4.87,638.6,-1.04%,6.4,23.6,+27.12%,"3.69 to 1",6.40%,41.3%
SPY,645.31,2025-10-17,55,650.00,Put,13.28,615.00,Put,4.87,641.59,-0.58%,8.41,26.59,+31.63%,"3.16 to 1",6.40%,45.1%
SPY,645.31,2025-10-17,55,630.00,Put,7.21,620.00,Put,5.54,628.33,-2.63%,1.67,8.33,+20.05%,"4.99 to 1",6.40%,28.7%
SPY,645.31,2025-10-17,55,635.00,Put,8.31,620.00,Put,5.54,632.23,-2.03%,2.77,12.23,+22.65%,"4.42 to 1",6.40%,33.3%
SPY,645.31,2025-10-17,55,640.00,Put,9.64,620.00,Put,5.54,635.9,-1.46%,4.1,15.9,+25.79%,"3.88 to 1",6.40%,37.8%
SPY,645.31,2025-10-17,55,645.00,Put,11.27,620.00,Put,5.54,639.27,-0.94%,5.73,19.27,+29.74%,"3.36 to 1",6.40%,42.1%
SPY,645.31,2025-10-17,55,650.00,Put,13.28,620.00,Put,5.54,642.26,-0.47%,7.74,22.26,+34.77%,"2.88 to 1",6.40%,46.0%
SPY,645.31,2025-10-17,55,630.00,Put,7.21,625.00,Put,6.32,629.11,-2.51%,0.89,4.11,+21.65%,"4.62 to 1",6.40%,29.6%
SPY,645.31,2025-10-17,55,635.00,Put,8.31,625.00,Put,6.32,633.01,-1.91%,1.99,8.01,+24.84%,"4.03 to 1",6.40%,34.2%
SPY,645.31,2025-10-17,55,640.00,Put,9.64,625.00,Put,6.32,636.68,-1.34%,3.32,11.68,+28.42%,"3.52 to 1",6.40%,38.8%
SPY,645.31,2025-10-17,55,645.00,Put,11.27,625.00,Put,6.32,640.05,-0.82%,4.95,15.05,+32.89%,"3.04 to 1",6.40%,43.2%
SPY,645.31,2025-10-17,55,650.00,Put,13.28,625.00,Put,6.32,643.04,-0.35%,6.96,18.04,+38.58%,"2.59 to 1",6.40%,47.0%
SPY,645.31,2025-10-17,55,635.00,Put,8.31,630.00,Put,7.24,633.93,-1.76%,1.07,3.93,+27.23%,"3.67 to 1",6.40%,35.4%
SPY,645.31,2025-10-17,55,640.00,Put,9.64,630.00,Put,7.24,637.6,-1.19%,2.4,7.6,+31.58%,"3.17 to 1",6.40%,40.0%
SPY,645.31,2025-10-17,55,645.00,Put,11.27,630.00,Put,7.24,640.97,-0.67%,4.03,10.97,+36.74%,"2.72 to 1",6.40%,44.3%
SPY,645.31,2025-10-17,55,640.00,Put,9.64,635.00,Put,8.35,638.71,-1.02%,1.29,3.71,+34.77%,"2.88 to 1",6.40%,41.4%
TLT,87.05,2025-10-17,55,87.00,Put,1.67,78.00,Put,0.13,85.46,-1.83%,1.54,7.46,+20.64%,"4.84 to 1",2.17%,35.3%
TLT,87.05,2025-10-17,55,88.00,Put,2.23,78.00,Put,0.13,85.9,-1.32%,2.1,7.9,+26.58%,"3.76 to 1",2.17%,39.3%
TLT,87.05,2025-10-17,55,87.00,Put,1.67,79.00,Put,0.16,85.49,-1.79%,1.51,6.49,+23.27%,"4.30 to 1",2.17%,35.6%
TLT,87.05,2025-10-17,55,88.00,Put,2.23,79.00,Put,0.16,85.93,-1.29%,2.07,6.93,+29.87%,"3.35 to 1",2.17%,39.6%
TLT,87.05,2025-10-17,55,86.00,Put,1.22,80.00,Put,0.19,84.97,-2.39%,1.03,4.97,+20.72%,"4.83 to 1",2.17%,31.1%
TLT,87.05,2025-10-17,55,87.00,Put,1.67,80.00,Put,0.19,85.52,-1.76%,1.48,5.52,+26.81%,"3.73 to 1",2.17%,35.9%
TLT,87.05,2025-10-17,55,88.00,Put,2.23,80.00,Put,0.19,85.96,-1.25%,2.04,5.96,+34.23%,"2.92 to 1",2.17%,39.9%
TLT,87.05,2025-10-17,55,86.00,Put,1.22,81.00,Put,0.25,85.03,-2.32%,0.97,4.03,+24.07%,"4.15 to 1",2.17%,31.6%
TLT,87.05,2025-10-17,55,87.00,Put,1.67,81.00,Put,0.25,85.58,-1.69%,1.42,4.58,+31.00%,"3.23 to 1",2.17%,36.4%
TLT,87.05,2025-10-17,55,88.00,Put,2.23,81.00,Put,0.25,86.02,-1.18%,1.98,5.02,+39.44%,"2.54 to 1",2.17%,40.4%
TLT,87.05,2025-10-17,55,85.00,Put,0.88,82.00,Put,0.33,84.45,-2.99%,0.55,2.45,+22.45%,"4.45 to 1",2.17%,26.8%
TLT,87.05,2025-10-17,55,86.00,Put,1.22,82.00,Put,0.33,85.11,-2.23%,0.89,3.11,+28.62%,"3.49 to 1",2.17%,32.3%
TLT,87.05,2025-10-17,55,87.00,Put,1.67,82.00,Put,0.33,85.66,-1.60%,1.34,3.66,+36.61%,"2.73 to 1",2.17%,37.1%
TLT,87.05,2025-10-17,55,85.00,Put,0.88,83.00,Put,0.46,84.58,-2.84%,0.42,1.58,+26.58%,"3.76 to 1",2.17%,27.8%
TLT,87.05,2025-10-17,55,86.00,Put,1.22,83.00,Put,0.46,85.24,-2.08%,0.76,2.24,+33.93%,"2.95 to 1",2.17%,33.4%
TLT,87.05,2025-10-17,55,85.00,Put,0.88,84.00,Put,0.64,84.76,-2.63%,0.24,0.76,+31.58%,"3.17 to 1",2.17%,29.3%
"Downloaded from Barchart.com as of 08-24-2025 01:29pm CDT"
